name,confidence,xmin,ymin,xmax,ymax
apple,0.593478918,655.1359253,846.8022461,794.0830688,986.8093262
apple,0.44801414,323.6792603,675.1324463,388.0855103,795.5488281
apple,0.401158333,274.8013611,636.3405151,382.2115784,774.0346069
apple,0.360422552,994.9389038,666.4991455,1142.079956,800.4344482
apple,0.317703217,385.6383362,756.3066406,458.4951477,928.0189209
apple,0.593478918,655.1359253,846.8022461,794.0830688,986.8093262
apple,0.44801414,323.6792603,675.1324463,388.0855103,795.5488281
apple,0.401158333,274.8013611,636.3405151,382.2115784,774.0346069
apple,0.360422552,994.9389038,666.4991455,1142.079956,800.4344482
apple,0.317703217,385.6383362,756.3066406,458.4951477,928.0189209
apple,0.593478918,655.1359253,846.8022461,794.0830688,986.8093262
apple,0.44801414,323.6792603,675.1324463,388.0855103,795.5488281
apple,0.401158333,274.8013611,636.3405151,382.2115784,774.0346069
apple,0.360422552,994.9389038,666.4991455,1142.079956,800.4344482
apple,0.317703217,385.6383362,756.3066406,458.4951477,928.0189209
apple,0.593478918,655.1359253,846.8022461,794.0830688,986.8093262
apple,0.44801414,323.6792603,675.1324463,388.0855103,795.5488281
apple,0.401158333,274.8013611,636.3405151,382.2115784,774.0346069
apple,0.360422552,994.9389038,666.4991455,1142.079956,800.4344482
apple,0.317703217,385.6383362,756.3066406,458.4951477,928.0189209
apple,0.740422249,164.3734589,222.5827332,217.8313141,268.7714233
apple,0.593478918,655.1359253,846.8022461,794.0830688,986.8093262
apple,0.44801414,323.6792603,675.1324463,388.0855103,795.5488281
apple,0.401158333,274.8013611,636.3405151,382.2115784,774.0346069
apple,0.360422552,994.9389038,666.4991455,1142.079956,800.4344482
apple,0.317703217,385.6383362,756.3066406,458.4951477,928.0189209
banana,0.810187399,18.34539032,1023.145569,111.5396652,1197.217773
banana,0.810187399,18.34539032,1023.145569,111.5396652,1197.217773
banana,0.433915436,754.2634277,668.3413086,955.1420898,1114.052734
banana,0.810187399,18.34539032,1023.145569,111.5396652,1197.217773
banana,0.29153657,369.6246948,971.4456177,480.0517578,1161.541992
banana,0.321508408,833.8380737,428.3164978,923.3379517,526.9418945
banana,0.29153657,369.6246948,971.4456177,480.0517578,1161.541992
banana,0.321508408,833.8380737,428.3164978,923.3379517,526.9418945
banana,0.321508408,833.8380737,428.3164978,923.3379517,526.9418945
banana,0.321508408,833.8380737,428.3164978,923.3379517,526.9418945
banana,0.321508408,833.8380737,428.3164978,923.3379517,526.9418945
banana,0.394988179,411.2414856,714.8622437,610.6665039,812.7927856
banana,0.290594667,592.5950928,791.9216309,635.6781616,824.5483398
banana,0.394988179,411.2414856,714.8622437,610.6665039,812.7927856
banana,0.290594667,592.5950928,791.9216309,635.6781616,824.5483398
banana,0.321508408,833.8380737,428.3164978,923.3379517,526.9418945
banana,0.394988179,411.2414856,714.8622437,610.6665039,812.7927856
banana,0.290594667,592.5950928,791.9216309,635.6781616,824.5483398
banana,0.321508408,833.8380737,428.3164978,923.3379517,526.9418945
banana,0.394988179,411.2414856,714.8622437,610.6665039,812.7927856
banana,0.290594667,592.5950928,791.9216309,635.6781616,824.5483398
banana,0.394988179,411.2414856,714.8622437,610.6665039,812.7927856
banana,0.290594667,592.5950928,791.9216309,635.6781616,824.5483398
book,0.575717032,254.1814728,912.3261719,782.5294189,1020.054077
book,0.482332647,365.5000305,378.5483704,844.7156372,1174.012329
book,0.575717032,254.1814728,912.3261719,782.5294189,1020.054077
book,0.482332647,365.5000305,378.5483704,844.7156372,1174.012329
book,0.575717032,254.1814728,912.3261719,782.5294189,1020.054077
book,0.575717032,254.1814728,912.3261719,782.5294189,1020.054077
book,0.575717032,254.1814728,912.3261719,782.5294189,1020.054077
book,0.575717032,254.1814728,912.3261719,782.5294189,1020.054077
book,0.575717032,254.1814728,912.3261719,782.5294189,1020.054077
book,0.482332647,365.5000305,378.5483704,844.7156372,1174.012329
book,0.575717032,254.1814728,912.3261719,782.5294189,1020.054077
book,0.575717032,254.1814728,912.3261719,782.5294189,1020.054077
book,0.686838806,677.3569946,193.6552124,901.2484741,1236.047607
book,0.422487378,352.2948914,137.5494385,700.4165039,1256.707031
book,0.500795364,277.9167175,87.62646484,654.7813721,1195.686401
book,0.336661011,633.1341553,187.4378357,962.8743896,1184.869019
book,0.257414281,48.6083107,34.47952652,786.6495972,982.758667
book,0.575717032,254.1814728,912.3261719,782.5294189,1020.054077
book,0.575717032,254.1814728,912.3261719,782.5294189,1020.054077
book,0.482332647,365.5000305,378.5483704,844.7156372,1174.012329
book,0.575717032,254.1814728,912.3261719,782.5294189,1020.054077
book,0.575717032,254.1814728,912.3261719,782.5294189,1020.054077
book,0.500795364,277.9167175,87.62646484,654.7813721,1195.686401
book,0.336661011,633.1341553,187.4378357,962.8743896,1184.869019
book,0.257414281,48.6083107,34.47952652,786.6495972,982.758667
book,0.575717032,254.1814728,912.3261719,782.5294189,1020.054077
bottle,0.332960725,320.581604,224.7954407,637.5280151,1200.781372
bottle,0.442316711,627.0699463,268.4395752,945.9523926,1198.739502
bottle,0.552929997,538.359375,306.5406799,790.3650513,858.1943359
bottle,0.3028346,345.2132568,27.17107582,849.6273193,1115.98938
bottle,0.3028346,345.2132568,27.17107582,849.6273193,1115.98938
bottle,0.3028346,345.2132568,27.17107582,849.6273193,1115.98938
bottle,0.434454918,160.3010101,0,351.0075073,496.1281433
bottle,0.3028346,345.2132568,27.17107582,849.6273193,1115.98938
bottle,0.428630322,456.905365,198.558548,682.0927124,743.7035522
bottle,0.335329711,178.5396271,239.6474152,373.3936462,718.3513184
bottle,0.501195967,657.1534424,313.0819702,952.0588379,1231.496094
bottle,0.355326921,446.1914063,312.0218506,628.322998,1193.137085
bottle,0.265085548,133.3917999,241.6546631,556.5010986,1177.076904
bottle,0.3028346,345.2132568,27.17107582,849.6273193,1115.98938
bottle,0.332960725,320.581604,224.7954407,637.5280151,1200.781372
bottle,0.442316711,627.0699463,268.4395752,945.9523926,1198.739502
bottle,0.552929997,538.359375,306.5406799,790.3650513,858.1943359
bottle,0.25112617,668.3720703,35.92297363,1169.408447,1266.350098
bottle,0.3028346,345.2132568,27.17107582,849.6273193,1115.98938
bottle,0.434454918,160.3010101,0,351.0075073,496.1281433
bottle,0.3028346,345.2132568,27.17107582,849.6273193,1115.98938
bottle,0.434454918,160.3010101,0,351.0075073,496.1281433
bottle,0.25112617,668.3720703,35.92297363,1169.408447,1266.350098
bottle,0.428630322,456.905365,198.558548,682.0927124,743.7035522
bottle,0.335329711,178.5396271,239.6474152,373.3936462,718.3513184
bottle,0.501195967,657.1534424,313.0819702,952.0588379,1231.496094
bottle,0.355326921,446.1914063,312.0218506,628.322998,1193.137085
bottle,0.265085548,133.3917999,241.6546631,556.5010986,1177.076904
bottle,0.332960725,320.581604,224.7954407,637.5280151,1200.781372
bottle,0.442316711,627.0699463,268.4395752,945.9523926,1198.739502
bottle,0.552929997,538.359375,306.5406799,790.3650513,858.1943359
bottle,0.25112617,668.3720703,35.92297363,1169.408447,1266.350098
bottle,0.3028346,345.2132568,27.17107582,849.6273193,1115.98938
bottle,0.3028346,345.2132568,27.17107582,849.6273193,1115.98938
bottle,0.410453767,143.2461548,27.1251297,406.1999512,782.4179077
bottle,0.428630322,456.905365,198.558548,682.0927124,743.7035522
bottle,0.335329711,178.5396271,239.6474152,373.3936462,718.3513184
bottle,0.388069272,109.2909851,11.31863499,302.6216736,600
bottle,0.840289712,237.1968079,147.6005859,374.9671326,557.0776367
bottle,0.501195967,657.1534424,313.0819702,952.0588379,1231.496094
bottle,0.355326921,446.1914063,312.0218506,628.322998,1193.137085
bottle,0.253530264,200.0368042,168.7416382,291.1987,370.8277588
bottle,0.703980327,103.4815903,86.27658844,219.1255798,282.1932983
bottle,0.642986774,236.6076508,132.2687988,274.6091003,263.3865051
bottle,0.582703531,208.6923218,117.7387924,249.5692139,273.3894043
bottle,0.52017045,262.9370117,143.5296631,302.1853027,257.1151123
bottle,0.345347792,42.37898254,33.47619629,413.8602295,781.5522461
bottle,0.25112617,668.3720703,35.92297363,1169.408447,1266.350098
bottle,0.434454918,160.3010101,0,351.0075073,496.1281433
bottle,0.421528101,565.4318237,156.8905029,929.4454956,1261.609131
bottle,0.3028346,345.2132568,27.17107582,849.6273193,1115.98938
bottle,0.25112617,668.3720703,35.92297363,1169.408447,1266.350098
bottle,0.703980327,103.4815903,86.27658844,219.1255798,282.1932983
bottle,0.642986774,236.6076508,132.2687988,274.6091003,263.3865051
bottle,0.582703531,208.6923218,117.7387924,249.5692139,273.3894043
bottle,0.52017045,262.9370117,143.5296631,302.1853027,257.1151123
bottle,0.332960725,320.581604,224.7954407,637.5280151,1200.781372
bottle,0.442316711,627.0699463,268.4395752,945.9523926,1198.739502
bottle,0.552929997,538.359375,306.5406799,790.3650513,858.1943359
bottle,0.25112617,668.3720703,35.92297363,1169.408447,1266.350098
bottle,0.703980327,103.4815903,86.27658844,219.1255798,282.1932983
bottle,0.642986774,236.6076508,132.2687988,274.6091003,263.3865051
bottle,0.582703531,208.6923218,117.7387924,249.5692139,273.3894043
bottle,0.52017045,262.9370117,143.5296631,302.1853027,257.1151123
bottle,0.332960725,320.581604,224.7954407,637.5280151,1200.781372
bottle,0.442316711,627.0699463,268.4395752,945.9523926,1198.739502
bottle,0.552929997,538.359375,306.5406799,790.3650513,858.1943359
bottle,0.434454918,160.3010101,0,351.0075073,496.1281433
bottle,0.421528101,565.4318237,156.8905029,929.4454956,1261.609131
bottle,0.3028346,345.2132568,27.17107582,849.6273193,1115.98938
bottle,0.703980327,103.4815903,86.27658844,219.1255798,282.1932983
bottle,0.642986774,236.6076508,132.2687988,274.6091003,263.3865051
bottle,0.582703531,208.6923218,117.7387924,249.5692139,273.3894043
bottle,0.52017045,262.9370117,143.5296631,302.1853027,257.1151123
bottle,0.332960725,320.581604,224.7954407,637.5280151,1200.781372
bottle,0.442316711,627.0699463,268.4395752,945.9523926,1198.739502
bottle,0.552929997,538.359375,306.5406799,790.3650513,858.1943359
bottle,0.3028346,345.2132568,27.17107582,849.6273193,1115.98938
bottle,0.428630322,456.905365,198.558548,682.0927124,743.7035522
bottle,0.335329711,178.5396271,239.6474152,373.3936462,718.3513184
bottle,0.501195967,657.1534424,313.0819702,952.0588379,1231.496094
bottle,0.355326921,446.1914063,312.0218506,628.322998,1193.137085
bottle,0.3028346,345.2132568,27.17107582,849.6273193,1115.98938
bottle,0.3028346,345.2132568,27.17107582,849.6273193,1115.98938
bottle,0.332960725,320.581604,224.7954407,637.5280151,1200.781372
bottle,0.442316711,627.0699463,268.4395752,945.9523926,1198.739502
bottle,0.552929997,538.359375,306.5406799,790.3650513,858.1943359
bottle,0.434454918,160.3010101,0,351.0075073,496.1281433
bottle,0.421528101,565.4318237,156.8905029,929.4454956,1261.609131
bottle,0.3028346,345.2132568,27.17107582,849.6273193,1115.98938
bottle,0.3028346,345.2132568,27.17107582,849.6273193,1115.98938
bottle,0.3028346,345.2132568,27.17107582,849.6273193,1115.98938
bottle,0.410453767,143.2461548,27.1251297,406.1999512,782.4179077
bottle,0.428630322,456.905365,198.558548,682.0927124,743.7035522
bottle,0.335329711,178.5396271,239.6474152,373.3936462,718.3513184
bottle,0.501195967,657.1534424,313.0819702,952.0588379,1231.496094
bottle,0.355326921,446.1914063,312.0218506,628.322998,1193.137085
bottle,0.691131711,437.2218323,150.1593628,629.9091187,767.8522949
bottle,0.804045916,648.3727417,458.7698669,882.5861206,1030.527466
bottle,0.549834669,464.5031738,464.3956909,652.9655762,979.2041626
bottle,0.428630322,456.905365,198.558548,682.0927124,743.7035522
bottle,0.335329711,178.5396271,239.6474152,373.3936462,718.3513184
bottle,0.703980327,103.4815903,86.27658844,219.1255798,282.1932983
bottle,0.642986774,236.6076508,132.2687988,274.6091003,263.3865051
bottle,0.582703531,208.6923218,117.7387924,249.5692139,273.3894043
bottle,0.52017045,262.9370117,143.5296631,302.1853027,257.1151123
bottle,0.332960725,320.581604,224.7954407,637.5280151,1200.781372
bottle,0.442316711,627.0699463,268.4395752,945.9523926,1198.739502
bottle,0.552929997,538.359375,306.5406799,790.3650513,858.1943359
bottle,0.3028346,345.2132568,27.17107582,849.6273193,1115.98938
bottle,0.3028346,345.2132568,27.17107582,849.6273193,1115.98938
bottle,0.434454918,160.3010101,0,351.0075073,496.1281433
bottle,0.421528101,565.4318237,156.8905029,929.4454956,1261.609131
bottle,0.421528101,565.4318237,156.8905029,929.4454956,1261.609131
bottle,0.3028346,345.2132568,27.17107582,849.6273193,1115.98938
bottle,0.410453767,143.2461548,27.1251297,406.1999512,782.4179077
bottle,0.3028346,345.2132568,27.17107582,849.6273193,1115.98938
bottle,0.703980327,103.4815903,86.27658844,219.1255798,282.1932983
bottle,0.642986774,236.6076508,132.2687988,274.6091003,263.3865051
bottle,0.582703531,208.6923218,117.7387924,249.5692139,273.3894043
bottle,0.52017045,262.9370117,143.5296631,302.1853027,257.1151123
bottle,0.434454918,160.3010101,0,351.0075073,496.1281433
bottle,0.421528101,565.4318237,156.8905029,929.4454956,1261.609131
bottle,0.332960725,320.581604,224.7954407,637.5280151,1200.781372
bottle,0.442316711,627.0699463,268.4395752,945.9523926,1198.739502
bottle,0.552929997,538.359375,306.5406799,790.3650513,858.1943359
bottle,0.703980327,103.4815903,86.27658844,219.1255798,282.1932983
bottle,0.642986774,236.6076508,132.2687988,274.6091003,263.3865051
bottle,0.582703531,208.6923218,117.7387924,249.5692139,273.3894043
bottle,0.52017045,262.9370117,143.5296631,302.1853027,257.1151123
bottle,0.434454918,160.3010101,0,351.0075073,496.1281433
bottle,0.421528101,565.4318237,156.8905029,929.4454956,1261.609131
bottle,0.3028346,345.2132568,27.17107582,849.6273193,1115.98938
bottle,0.332960725,320.581604,224.7954407,637.5280151,1200.781372
bottle,0.442316711,627.0699463,268.4395752,945.9523926,1198.739502
bottle,0.552929997,538.359375,306.5406799,790.3650513,858.1943359
bottle,0.703980327,103.4815903,86.27658844,219.1255798,282.1932983
bottle,0.642986774,236.6076508,132.2687988,274.6091003,263.3865051
bottle,0.582703531,208.6923218,117.7387924,249.5692139,273.3894043
bottle,0.52017045,262.9370117,143.5296631,302.1853027,257.1151123
bottle,0.501195967,657.1534424,313.0819702,952.0588379,1231.496094
bottle,0.355326921,446.1914063,312.0218506,628.322998,1193.137085
bottle,0.421528101,565.4318237,156.8905029,929.4454956,1261.609131
bottle,0.410453767,143.2461548,27.1251297,406.1999512,782.4179077
bottle,0.703980327,103.4815903,86.27658844,219.1255798,282.1932983
bottle,0.642986774,236.6076508,132.2687988,274.6091003,263.3865051
bottle,0.582703531,208.6923218,117.7387924,249.5692139,273.3894043
bottle,0.52017045,262.9370117,143.5296631,302.1853027,257.1151123
bottle,0.434454918,160.3010101,0,351.0075073,496.1281433
bottle,0.292580128,349.4625854,84.0151825,677.1919556,931.6661377
bottle,0.332960725,320.581604,224.7954407,637.5280151,1200.781372
bottle,0.442316711,627.0699463,268.4395752,945.9523926,1198.739502
bottle,0.552929997,538.359375,306.5406799,790.3650513,858.1943359
bottle,0.703980327,103.4815903,86.27658844,219.1255798,282.1932983
bottle,0.642986774,236.6076508,132.2687988,274.6091003,263.3865051
bottle,0.582703531,208.6923218,117.7387924,249.5692139,273.3894043
bottle,0.52017045,262.9370117,143.5296631,302.1853027,257.1151123
bottle,0.434454918,160.3010101,0,351.0075073,496.1281433
bottle,0.292580128,349.4625854,84.0151825,677.1919556,931.6661377
bottle,0.428630322,456.905365,198.558548,682.0927124,743.7035522
bottle,0.335329711,178.5396271,239.6474152,373.3936462,718.3513184
bottle,0.3028346,345.2132568,27.17107582,849.6273193,1115.98938
bottle,0.332960725,320.581604,224.7954407,637.5280151,1200.781372
bottle,0.442316711,627.0699463,268.4395752,945.9523926,1198.739502
bottle,0.3028346,345.2132568,27.17107582,849.6273193,1115.98938
bottle,0.434454918,160.3010101,0,351.0075073,496.1281433
bottle,0.703980327,103.4815903,86.27658844,219.1255798,282.1932983
bottle,0.642986774,236.6076508,132.2687988,274.6091003,263.3865051
bottle,0.582703531,208.6923218,117.7387924,249.5692139,273.3894043
bottle,0.52017045,262.9370117,143.5296631,302.1853027,257.1151123
bottle,0.332960725,320.581604,224.7954407,637.5280151,1200.781372
bottle,0.442316711,627.0699463,268.4395752,945.9523926,1198.739502
bottle,0.501195967,657.1534424,313.0819702,952.0588379,1231.496094
bottle,0.355326921,446.1914063,312.0218506,628.322998,1193.137085
bottle,0.428630322,456.905365,198.558548,682.0927124,743.7035522
bottle,0.335329711,178.5396271,239.6474152,373.3936462,718.3513184
bottle,0.292580128,349.4625854,84.0151825,677.1919556,931.6661377
bowl,0.394037098,554.8015137,1093.960693,708.7999268,1203.80542
bowl,0.267323732,701.958374,1096.478882,872.8864746,1209.652222
bowl,0.438768655,481.0660095,1098.838623,766.0102539,1212.199463
bowl,0.394037098,554.8015137,1093.960693,708.7999268,1203.80542
bowl,0.267323732,701.958374,1096.478882,872.8864746,1209.652222
bowl,0.438768655,481.0660095,1098.838623,766.0102539,1212.199463
bowl,0.394037098,554.8015137,1093.960693,708.7999268,1203.80542
bowl,0.267323732,701.958374,1096.478882,872.8864746,1209.652222
bowl,0.438768655,481.0660095,1098.838623,766.0102539,1212.199463
bowl,0.758213699,140.742157,185.9703064,275.1917725,299.8476868
bowl,0.394037098,554.8015137,1093.960693,708.7999268,1203.80542
bowl,0.267323732,701.958374,1096.478882,872.8864746,1209.652222
bowl,0.438768655,481.0660095,1098.838623,766.0102539,1212.199463
bowl,0.758213699,140.742157,185.9703064,275.1917725,299.8476868
bowl,0.394037098,554.8015137,1093.960693,708.7999268,1203.80542
bowl,0.267323732,701.958374,1096.478882,872.8864746,1209.652222
bowl,0.438768655,481.0660095,1098.838623,766.0102539,1212.199463
bowl,0.758213699,140.742157,185.9703064,275.1917725,299.8476868
bowl,0.394037098,554.8015137,1093.960693,708.7999268,1203.80542
bowl,0.267323732,701.958374,1096.478882,872.8864746,1209.652222
bowl,0.438768655,481.0660095,1098.838623,766.0102539,1212.199463
bowl,0.758213699,140.742157,185.9703064,275.1917725,299.8476868
bowl,0.758213699,140.742157,185.9703064,275.1917725,299.8476868
bowl,0.758213699,140.742157,185.9703064,275.1917725,299.8476868
bowl,0.758213699,140.742157,185.9703064,275.1917725,299.8476868
bowl,0.758213699,140.742157,185.9703064,275.1917725,299.8476868
bowl,0.758213699,140.742157,185.9703064,275.1917725,299.8476868
bowl,0.758213699,140.742157,185.9703064,275.1917725,299.8476868
bowl,0.758213699,140.742157,185.9703064,275.1917725,299.8476868
bowl,0.758213699,140.742157,185.9703064,275.1917725,299.8476868
bowl,0.758213699,140.742157,185.9703064,275.1917725,299.8476868
bowl,0.758213699,140.742157,185.9703064,275.1917725,299.8476868
bowl,0.758213699,140.742157,185.9703064,275.1917725,299.8476868
bowl,0.402801991,253.9548187,577.395752,773.6153564,992.0394897
bowl,0.674332857,143.3821411,512.3834839,663.4863281,971.22052
bowl,0.758213699,140.742157,185.9703064,275.1917725,299.8476868
bowl,0.402801991,253.9548187,577.395752,773.6153564,992.0394897
bowl,0.674332857,143.3821411,512.3834839,663.4863281,971.22052
bowl,0.402801991,253.9548187,577.395752,773.6153564,992.0394897
bowl,0.758213699,140.742157,185.9703064,275.1917725,299.8476868
bowl,0.402801991,253.9548187,577.395752,773.6153564,992.0394897
bowl,0.758213699,140.742157,185.9703064,275.1917725,299.8476868
bowl,0.758213699,140.742157,185.9703064,275.1917725,299.8476868
bowl,0.402801991,253.9548187,577.395752,773.6153564,992.0394897
bowl,0.674332857,143.3821411,512.3834839,663.4863281,971.22052
clock,0.653354049,297.035675,174.8525238,875.7167969,759.9526367
clock,0.653354049,297.035675,174.8525238,875.7167969,759.9526367
clock,0.653354049,297.035675,174.8525238,875.7167969,759.9526367
clock,0.653354049,297.035675,174.8525238,875.7167969,759.9526367
clock,0.653354049,297.035675,174.8525238,875.7167969,759.9526367
clock,0.653354049,297.035675,174.8525238,875.7167969,759.9526367
clock,0.653354049,297.035675,174.8525238,875.7167969,759.9526367
clock,0.653354049,297.035675,174.8525238,875.7167969,759.9526367
clock,0.653354049,297.035675,174.8525238,875.7167969,759.9526367
cup,0.646767795,71.77761078,245.8781586,149.4682922,308.4472046
cup,0.336664021,454.3903809,753.3791504,727.6985474,1064.120239
cup,0.646767795,71.77761078,245.8781586,149.4682922,308.4472046
cup,0.336664021,454.3903809,753.3791504,727.6985474,1064.120239
cup,0.646767795,71.77761078,245.8781586,149.4682922,308.4472046
cup,0.646767795,71.77761078,245.8781586,149.4682922,308.4472046
cup,0.336664021,454.3903809,753.3791504,727.6985474,1064.120239
cup,0.394987196,214.9675598,618.2280273,499.8884277,1053.439209
cup,0.314780325,5.207767487,249.3100739,301.1340027,793.9379272
cup,0.789148748,360.2459717,782.2160645,641.8969116,1073.364258
cup,0.279941112,297.3465576,130.1608887,971.8707275,1168.945801
cup,0.314780325,5.207767487,249.3100739,301.1340027,793.9379272
cup,0.789148748,360.2459717,782.2160645,641.8969116,1073.364258
cup,0.279941112,297.3465576,130.1608887,971.8707275,1168.945801
cup,0.646767795,71.77761078,245.8781586,149.4682922,308.4472046
cup,0.789148748,360.2459717,782.2160645,641.8969116,1073.364258
cup,0.336664021,454.3903809,753.3791504,727.6985474,1064.120239
cup,0.646767795,71.77761078,245.8781586,149.4682922,308.4472046
cup,0.314780325,5.207767487,249.3100739,301.1340027,793.9379272
cup,0.789148748,360.2459717,782.2160645,641.8969116,1073.364258
cup,0.646767795,71.77761078,245.8781586,149.4682922,308.4472046
cup,0.646767795,71.77761078,245.8781586,149.4682922,308.4472046
cup,0.789148748,360.2459717,782.2160645,641.8969116,1073.364258
cup,0.646767795,71.77761078,245.8781586,149.4682922,308.4472046
cup,0.646767795,71.77761078,245.8781586,149.4682922,308.4472046
cup,0.646767795,71.77761078,245.8781586,149.4682922,308.4472046
cup,0.789148748,360.2459717,782.2160645,641.8969116,1073.364258
cup,0.789148748,360.2459717,782.2160645,641.8969116,1073.364258
cup,0.789148748,360.2459717,782.2160645,641.8969116,1073.364258
cup,0.646767795,71.77761078,245.8781586,149.4682922,308.4472046
cup,0.314780325,5.207767487,249.3100739,301.1340027,793.9379272
cup,0.336664021,454.3903809,753.3791504,727.6985474,1064.120239
cup,0.646767795,71.77761078,245.8781586,149.4682922,308.4472046
cup,0.279941112,297.3465576,130.1608887,971.8707275,1168.945801
cup,0.646767795,71.77761078,245.8781586,149.4682922,308.4472046
cup,0.279941112,297.3465576,130.1608887,971.8707275,1168.945801
cup,0.646767795,71.77761078,245.8781586,149.4682922,308.4472046
cup,0.646767795,71.77761078,245.8781586,149.4682922,308.4472046
cup,0.646767795,71.77761078,245.8781586,149.4682922,308.4472046
cup,0.646767795,71.77761078,245.8781586,149.4682922,308.4472046
cup,0.314780325,5.207767487,249.3100739,301.1340027,793.9379272
cup,0.279941112,297.3465576,130.1608887,971.8707275,1168.945801
cup,0.789148748,360.2459717,782.2160645,641.8969116,1073.364258
cup,0.646767795,71.77761078,245.8781586,149.4682922,308.4472046
cup,0.336664021,454.3903809,753.3791504,727.6985474,1064.120239
cup,0.314780325,5.207767487,249.3100739,301.1340027,793.9379272
cup,0.789148748,360.2459717,782.2160645,641.8969116,1073.364258
cup,0.789148748,360.2459717,782.2160645,641.8969116,1073.364258
cup,0.314780325,5.207767487,249.3100739,301.1340027,793.9379272
cup,0.279941112,297.3465576,130.1608887,971.8707275,1168.945801
cup,0.646767795,71.77761078,245.8781586,149.4682922,308.4472046
donut,0.39034912,404.631073,923.9744263,492.1007996,1016.315857
donut,0.312811822,616.0308228,964.3838501,712.6167603,1078.172852
donut,0.39034912,404.631073,923.9744263,492.1007996,1016.315857
donut,0.312811822,616.0308228,964.3838501,712.6167603,1078.172852
donut,0.39034912,404.631073,923.9744263,492.1007996,1016.315857
donut,0.312811822,616.0308228,964.3838501,712.6167603,1078.172852
donut,0.268656254,504.5341187,675.7697144,586.381958,745.4719849
donut,0.39034912,404.631073,923.9744263,492.1007996,1016.315857
donut,0.312811822,616.0308228,964.3838501,712.6167603,1078.172852
donut,0.268656254,504.5341187,675.7697144,586.381958,745.4719849
donut,0.39034912,404.631073,923.9744263,492.1007996,1016.315857
donut,0.312811822,616.0308228,964.3838501,712.6167603,1078.172852
donut,0.268656254,504.5341187,675.7697144,586.381958,745.4719849
donut,0.39034912,404.631073,923.9744263,492.1007996,1016.315857
donut,0.312811822,616.0308228,964.3838501,712.6167603,1078.172852
donut,0.268656254,504.5341187,675.7697144,586.381958,745.4719849
donut,0.39034912,404.631073,923.9744263,492.1007996,1016.315857
donut,0.312811822,616.0308228,964.3838501,712.6167603,1078.172852
donut,0.268656254,504.5341187,675.7697144,586.381958,745.4719849
donut,0.39034912,404.631073,923.9744263,492.1007996,1016.315857
donut,0.312811822,616.0308228,964.3838501,712.6167603,1078.172852
donut,0.268656254,504.5341187,675.7697144,586.381958,745.4719849
donut,0.39034912,404.631073,923.9744263,492.1007996,1016.315857
donut,0.312811822,616.0308228,964.3838501,712.6167603,1078.172852
donut,0.268656254,504.5341187,675.7697144,586.381958,745.4719849
fork,0.258615583,755.2907104,796.0801392,999.2449341,1011.520691
fork,0.258615583,755.2907104,796.0801392,999.2449341,1011.520691
fork,0.258615583,755.2907104,796.0801392,999.2449341,1011.520691
fork,0.258615583,755.2907104,796.0801392,999.2449341,1011.520691
fork,0.258615583,755.2907104,796.0801392,999.2449341,1011.520691
fork,0.258615583,755.2907104,796.0801392,999.2449341,1011.520691
fork,0.258615583,755.2907104,796.0801392,999.2449341,1011.520691
fork,0.258615583,755.2907104,796.0801392,999.2449341,1011.520691
fork,0.258615583,755.2907104,796.0801392,999.2449341,1011.520691
knife,0.419900715,530.6641235,818.453064,946.6965942,1087.866943
knife,0.419900715,530.6641235,818.453064,946.6965942,1087.866943
knife,0.419900715,530.6641235,818.453064,946.6965942,1087.866943
knife,0.419900715,530.6641235,818.453064,946.6965942,1087.866943
knife,0.419900715,530.6641235,818.453064,946.6965942,1087.866943
knife,0.419900715,530.6641235,818.453064,946.6965942,1087.866943
knife,0.419900715,530.6641235,818.453064,946.6965942,1087.866943
knife,0.419900715,530.6641235,818.453064,946.6965942,1087.866943
knife,0.419900715,530.6641235,818.453064,946.6965942,1087.866943
knife,0.419900715,530.6641235,818.453064,946.6965942,1087.866943
microwave,0.257323653,322.3821106,95.40423584,696.5062256,242.4270477
microwave,0.257323653,322.3821106,95.40423584,696.5062256,242.4270477
microwave,0.257323653,322.3821106,95.40423584,696.5062256,242.4270477
microwave,0.257323653,322.3821106,95.40423584,696.5062256,242.4270477
orange,0.377691448,708.8164063,438.4989624,836.3057861,518.2467041
orange,0.377174735,288.8804321,315.7072449,462.0196838,399.2537231
orange,0.338240027,163.5171204,337.1051331,335.8289795,406.6592102
orange,0.255886614,806.2145996,404.1974792,983.9610596,505.0698547
orange,0.377691448,708.8164063,438.4989624,836.3057861,518.2467041
orange,0.377174735,288.8804321,315.7072449,462.0196838,399.2537231
orange,0.338240027,163.5171204,337.1051331,335.8289795,406.6592102
orange,0.255886614,806.2145996,404.1974792,983.9610596,505.0698547
orange,0.377691448,708.8164063,438.4989624,836.3057861,518.2467041
orange,0.377174735,288.8804321,315.7072449,462.0196838,399.2537231
orange,0.338240027,163.5171204,337.1051331,335.8289795,406.6592102
orange,0.255886614,806.2145996,404.1974792,983.9610596,505.0698547
orange,0.65106678,139.8972626,684.3833618,274.7185669,804.1173706
orange,0.54596144,462.3945007,858.9532471,607.9035645,987.8439941
orange,0.508990526,862.9049072,685.5618286,956.8356934,800.8842163
orange,0.388854355,386.9919434,777.6622925,456.4537354,931.2410278
orange,0.352960378,322.453949,679.3948975,387.9994812,797.8972168
orange,0.296466619,68.92300415,595.9584961,132.8522034,758.4953613
orange,0.377691448,708.8164063,438.4989624,836.3057861,518.2467041
orange,0.377174735,288.8804321,315.7072449,462.0196838,399.2537231
orange,0.338240027,163.5171204,337.1051331,335.8289795,406.6592102
orange,0.255886614,806.2145996,404.1974792,983.9610596,505.0698547
orange,0.377691448,708.8164063,438.4989624,836.3057861,518.2467041
orange,0.377174735,288.8804321,315.7072449,462.0196838,399.2537231
orange,0.338240027,163.5171204,337.1051331,335.8289795,406.6592102
orange,0.255886614,806.2145996,404.1974792,983.9610596,505.0698547
orange,0.480667174,747.975708,1113.962646,865.1151123,1240.86792
orange,0.263130128,812.010498,281.3251343,911.4680176,373.8788452
orange,0.377691448,708.8164063,438.4989624,836.3057861,518.2467041
orange,0.377174735,288.8804321,315.7072449,462.0196838,399.2537231
orange,0.338240027,163.5171204,337.1051331,335.8289795,406.6592102
orange,0.255886614,806.2145996,404.1974792,983.9610596,505.0698547
orange,0.377691448,708.8164063,438.4989624,836.3057861,518.2467041
orange,0.377174735,288.8804321,315.7072449,462.0196838,399.2537231
orange,0.338240027,163.5171204,337.1051331,335.8289795,406.6592102
orange,0.255886614,806.2145996,404.1974792,983.9610596,505.0698547
orange,0.65106678,139.8972626,684.3833618,274.7185669,804.1173706
orange,0.54596144,462.3945007,858.9532471,607.9035645,987.8439941
orange,0.508990526,862.9049072,685.5618286,956.8356934,800.8842163
orange,0.388854355,386.9919434,777.6622925,456.4537354,931.2410278
orange,0.352960378,322.453949,679.3948975,387.9994812,797.8972168
orange,0.296466619,68.92300415,595.9584961,132.8522034,758.4953613
orange,0.377691448,708.8164063,438.4989624,836.3057861,518.2467041
orange,0.377174735,288.8804321,315.7072449,462.0196838,399.2537231
orange,0.338240027,163.5171204,337.1051331,335.8289795,406.6592102
orange,0.255886614,806.2145996,404.1974792,983.9610596,505.0698547
orange,0.377691448,708.8164063,438.4989624,836.3057861,518.2467041
orange,0.377174735,288.8804321,315.7072449,462.0196838,399.2537231
orange,0.338240027,163.5171204,337.1051331,335.8289795,406.6592102
orange,0.255886614,806.2145996,404.1974792,983.9610596,505.0698547
orange,0.377691448,708.8164063,438.4989624,836.3057861,518.2467041
orange,0.377174735,288.8804321,315.7072449,462.0196838,399.2537231
orange,0.338240027,163.5171204,337.1051331,335.8289795,406.6592102
orange,0.255886614,806.2145996,404.1974792,983.9610596,505.0698547
orange,0.65106678,139.8972626,684.3833618,274.7185669,804.1173706
orange,0.54596144,462.3945007,858.9532471,607.9035645,987.8439941
orange,0.508990526,862.9049072,685.5618286,956.8356934,800.8842163
orange,0.388854355,386.9919434,777.6622925,456.4537354,931.2410278
orange,0.352960378,322.453949,679.3948975,387.9994812,797.8972168
orange,0.296466619,68.92300415,595.9584961,132.8522034,758.4953613
orange,0.377691448,708.8164063,438.4989624,836.3057861,518.2467041
orange,0.377174735,288.8804321,315.7072449,462.0196838,399.2537231
orange,0.338240027,163.5171204,337.1051331,335.8289795,406.6592102
orange,0.255886614,806.2145996,404.1974792,983.9610596,505.0698547
orange,0.377691448,708.8164063,438.4989624,836.3057861,518.2467041
orange,0.377174735,288.8804321,315.7072449,462.0196838,399.2537231
orange,0.338240027,163.5171204,337.1051331,335.8289795,406.6592102
orange,0.255886614,806.2145996,404.1974792,983.9610596,505.0698547
orange,0.377691448,708.8164063,438.4989624,836.3057861,518.2467041
orange,0.377174735,288.8804321,315.7072449,462.0196838,399.2537231
orange,0.338240027,163.5171204,337.1051331,335.8289795,406.6592102
orange,0.255886614,806.2145996,404.1974792,983.9610596,505.0698547
orange,0.65106678,139.8972626,684.3833618,274.7185669,804.1173706
orange,0.54596144,462.3945007,858.9532471,607.9035645,987.8439941
orange,0.508990526,862.9049072,685.5618286,956.8356934,800.8842163
orange,0.388854355,386.9919434,777.6622925,456.4537354,931.2410278
orange,0.352960378,322.453949,679.3948975,387.9994812,797.8972168
orange,0.296466619,68.92300415,595.9584961,132.8522034,758.4953613
orange,0.377691448,708.8164063,438.4989624,836.3057861,518.2467041
orange,0.377174735,288.8804321,315.7072449,462.0196838,399.2537231
orange,0.338240027,163.5171204,337.1051331,335.8289795,406.6592102
orange,0.255886614,806.2145996,404.1974792,983.9610596,505.0698547
orange,0.377691448,708.8164063,438.4989624,836.3057861,518.2467041
orange,0.377174735,288.8804321,315.7072449,462.0196838,399.2537231
orange,0.338240027,163.5171204,337.1051331,335.8289795,406.6592102
orange,0.255886614,806.2145996,404.1974792,983.9610596,505.0698547
orange,0.377691448,708.8164063,438.4989624,836.3057861,518.2467041
orange,0.377174735,288.8804321,315.7072449,462.0196838,399.2537231
orange,0.338240027,163.5171204,337.1051331,335.8289795,406.6592102
orange,0.255886614,806.2145996,404.1974792,983.9610596,505.0698547
orange,0.377691448,708.8164063,438.4989624,836.3057861,518.2467041
orange,0.377174735,288.8804321,315.7072449,462.0196838,399.2537231
orange,0.338240027,163.5171204,337.1051331,335.8289795,406.6592102
orange,0.255886614,806.2145996,404.1974792,983.9610596,505.0698547
orange,0.679596841,31.73382378,222.9623413,72.01974487,262.075531
orange,0.580408216,68.95404816,226.4130554,118.6103058,275.608551
orange,0.65106678,139.8972626,684.3833618,274.7185669,804.1173706
orange,0.54596144,462.3945007,858.9532471,607.9035645,987.8439941
orange,0.508990526,862.9049072,685.5618286,956.8356934,800.8842163
orange,0.388854355,386.9919434,777.6622925,456.4537354,931.2410278
orange,0.352960378,322.453949,679.3948975,387.9994812,797.8972168
orange,0.296466619,68.92300415,595.9584961,132.8522034,758.4953613
orange,0.377691448,708.8164063,438.4989624,836.3057861,518.2467041
orange,0.377174735,288.8804321,315.7072449,462.0196838,399.2537231
orange,0.338240027,163.5171204,337.1051331,335.8289795,406.6592102
orange,0.255886614,806.2145996,404.1974792,983.9610596,505.0698547
orange,0.377691448,708.8164063,438.4989624,836.3057861,518.2467041
orange,0.377174735,288.8804321,315.7072449,462.0196838,399.2537231
orange,0.338240027,163.5171204,337.1051331,335.8289795,406.6592102
orange,0.255886614,806.2145996,404.1974792,983.9610596,505.0698547
orange,0.377691448,708.8164063,438.4989624,836.3057861,518.2467041
orange,0.377174735,288.8804321,315.7072449,462.0196838,399.2537231
orange,0.338240027,163.5171204,337.1051331,335.8289795,406.6592102
orange,0.255886614,806.2145996,404.1974792,983.9610596,505.0698547
orange,0.377691448,708.8164063,438.4989624,836.3057861,518.2467041
orange,0.377174735,288.8804321,315.7072449,462.0196838,399.2537231
orange,0.338240027,163.5171204,337.1051331,335.8289795,406.6592102
orange,0.255886614,806.2145996,404.1974792,983.9610596,505.0698547
parking meter,0.42019698,296.7511292,132.006073,968.4051514,1143.936646
parking meter,0.42019698,296.7511292,132.006073,968.4051514,1143.936646
parking meter,0.42019698,296.7511292,132.006073,968.4051514,1143.936646
parking meter,0.42019698,296.7511292,132.006073,968.4051514,1143.936646
parking meter,0.42019698,296.7511292,132.006073,968.4051514,1143.936646
parking meter,0.42019698,296.7511292,132.006073,968.4051514,1143.936646
person,0.892510653,432.2498169,421.7284546,764.4230347,903.5563354
person,0.330362648,591.487793,481.1165161,765.7171631,928.6651611
person,0.837816656,239.7102356,600.8671875,376.7432861,748.3575439
person,0.78302902,350.3947449,557.0367432,450.9752502,739.5117798
person,0.647012711,600.7886353,674.3300781,675.9204712,815.2403564
person,0.58527267,429.7271118,549.2469482,537.6968384,852.2767334
person,0.580514252,558.6705322,704.5656738,631.7745361,838.0422974
person,0.397496313,545.09198,674.1668701,583.3484497,789.6765137
person,0.301428556,543.7414551,681.1820679,603.9885254,830.8422852
person,0.854438305,386.6291504,569.1506958,798.9672241,1072.49353
person,0.526795089,71.35134125,271.467804,201.0041046,451.9162903
person,0.271554798,70.58290863,270.8188782,133.5166473,421.8798828
person,0.892510653,432.2498169,421.7284546,764.4230347,903.5563354
person,0.921501517,575.8471069,504.953125,964.1542969,1096.099609
person,0.732968807,297.1637878,162.58078,376.3146667,366.8627319
person,0.330362648,591.487793,481.1165161,765.7171631,928.6651611
person,0.542075038,316.4878235,259.2277222,515.913269,582.3380127
person,0.837816656,239.7102356,600.8671875,376.7432861,748.3575439
person,0.78302902,350.3947449,557.0367432,450.9752502,739.5117798
person,0.647012711,600.7886353,674.3300781,675.9204712,815.2403564
person,0.58527267,429.7271118,549.2469482,537.6968384,852.2767334
person,0.580514252,558.6705322,704.5656738,631.7745361,838.0422974
person,0.397496313,545.09198,674.1668701,583.3484497,789.6765137
person,0.301428556,543.7414551,681.1820679,603.9885254,830.8422852
person,0.854438305,386.6291504,569.1506958,798.9672241,1072.49353
person,0.526795089,71.35134125,271.467804,201.0041046,451.9162903
person,0.271554798,70.58290863,270.8188782,133.5166473,421.8798828
person,0.892510653,432.2498169,421.7284546,764.4230347,903.5563354
person,0.854438305,386.6291504,569.1506958,798.9672241,1072.49353
person,0.526795089,71.35134125,271.467804,201.0041046,451.9162903
person,0.271554798,70.58290863,270.8188782,133.5166473,421.8798828
person,0.861931801,649.8813477,564.3292236,956.756958,946.7940674
person,0.921501517,575.8471069,504.953125,964.1542969,1096.099609
person,0.732968807,297.1637878,162.58078,376.3146667,366.8627319
person,0.330362648,591.487793,481.1165161,765.7171631,928.6651611
person,0.542075038,316.4878235,259.2277222,515.913269,582.3380127
person,0.837816656,239.7102356,600.8671875,376.7432861,748.3575439
person,0.78302902,350.3947449,557.0367432,450.9752502,739.5117798
person,0.647012711,600.7886353,674.3300781,675.9204712,815.2403564
person,0.58527267,429.7271118,549.2469482,537.6968384,852.2767334
person,0.580514252,558.6705322,704.5656738,631.7745361,838.0422974
person,0.397496313,545.09198,674.1668701,583.3484497,789.6765137
person,0.301428556,543.7414551,681.1820679,603.9885254,830.8422852
person,0.542075038,316.4878235,259.2277222,515.913269,582.3380127
person,0.330362648,591.487793,481.1165161,765.7171631,928.6651611
person,0.542075038,316.4878235,259.2277222,515.913269,582.3380127
person,0.892510653,432.2498169,421.7284546,764.4230347,903.5563354
person,0.559678197,549.626709,472.2734985,792.1262207,861.8256836
person,0.912345648,342.7257385,316.6112671,558.0270996,687.1159058
person,0.914683878,296.6271973,290.9304199,506.3268738,582.1587524
person,0.719199121,313.4726868,261.1542664,443.2005005,505.2642822
person,0.449395537,400.2727661,342.5509338,469.2942505,406.8400879
person,0.921501517,575.8471069,504.953125,964.1542969,1096.099609
person,0.732968807,297.1637878,162.58078,376.3146667,366.8627319
person,0.854438305,386.6291504,569.1506958,798.9672241,1072.49353
person,0.526795089,71.35134125,271.467804,201.0041046,451.9162903
person,0.271554798,70.58290863,270.8188782,133.5166473,421.8798828
person,0.892510653,432.2498169,421.7284546,764.4230347,903.5563354
person,0.330362648,591.487793,481.1165161,765.7171631,928.6651611
person,0.837816656,239.7102356,600.8671875,376.7432861,748.3575439
person,0.78302902,350.3947449,557.0367432,450.9752502,739.5117798
person,0.647012711,600.7886353,674.3300781,675.9204712,815.2403564
person,0.58527267,429.7271118,549.2469482,537.6968384,852.2767334
person,0.580514252,558.6705322,704.5656738,631.7745361,838.0422974
person,0.397496313,545.09198,674.1668701,583.3484497,789.6765137
person,0.301428556,543.7414551,681.1820679,603.9885254,830.8422852
person,0.542075038,316.4878235,259.2277222,515.913269,582.3380127
person,0.892510653,432.2498169,421.7284546,764.4230347,903.5563354
person,0.330362648,591.487793,481.1165161,765.7171631,928.6651611
person,0.837816656,239.7102356,600.8671875,376.7432861,748.3575439
person,0.78302902,350.3947449,557.0367432,450.9752502,739.5117798
person,0.647012711,600.7886353,674.3300781,675.9204712,815.2403564
person,0.58527267,429.7271118,549.2469482,537.6968384,852.2767334
person,0.580514252,558.6705322,704.5656738,631.7745361,838.0422974
person,0.397496313,545.09198,674.1668701,583.3484497,789.6765137
person,0.301428556,543.7414551,681.1820679,603.9885254,830.8422852
person,0.542075038,316.4878235,259.2277222,515.913269,582.3380127
person,0.854438305,386.6291504,569.1506958,798.9672241,1072.49353
person,0.526795089,71.35134125,271.467804,201.0041046,451.9162903
person,0.271554798,70.58290863,270.8188782,133.5166473,421.8798828
person,0.892510653,432.2498169,421.7284546,764.4230347,903.5563354
person,0.330362648,591.487793,481.1165161,765.7171631,928.6651611
person,0.837816656,239.7102356,600.8671875,376.7432861,748.3575439
person,0.78302902,350.3947449,557.0367432,450.9752502,739.5117798
person,0.647012711,600.7886353,674.3300781,675.9204712,815.2403564
person,0.58527267,429.7271118,549.2469482,537.6968384,852.2767334
person,0.580514252,558.6705322,704.5656738,631.7745361,838.0422974
person,0.397496313,545.09198,674.1668701,583.3484497,789.6765137
person,0.301428556,543.7414551,681.1820679,603.9885254,830.8422852
person,0.542075038,316.4878235,259.2277222,515.913269,582.3380127
person,0.854438305,386.6291504,569.1506958,798.9672241,1072.49353
person,0.526795089,71.35134125,271.467804,201.0041046,451.9162903
person,0.271554798,70.58290863,270.8188782,133.5166473,421.8798828
person,0.861931801,649.8813477,564.3292236,956.756958,946.7940674
person,0.921501517,575.8471069,504.953125,964.1542969,1096.099609
person,0.732968807,297.1637878,162.58078,376.3146667,366.8627319
person,0.542075038,316.4878235,259.2277222,515.913269,582.3380127
person,0.854438305,386.6291504,569.1506958,798.9672241,1072.49353
person,0.526795089,71.35134125,271.467804,201.0041046,451.9162903
person,0.271554798,70.58290863,270.8188782,133.5166473,421.8798828
person,0.892510653,432.2498169,421.7284546,764.4230347,903.5563354
person,0.330362648,591.487793,481.1165161,765.7171631,928.6651611
person,0.837816656,239.7102356,600.8671875,376.7432861,748.3575439
person,0.78302902,350.3947449,557.0367432,450.9752502,739.5117798
person,0.647012711,600.7886353,674.3300781,675.9204712,815.2403564
person,0.58527267,429.7271118,549.2469482,537.6968384,852.2767334
person,0.580514252,558.6705322,704.5656738,631.7745361,838.0422974
person,0.397496313,545.09198,674.1668701,583.3484497,789.6765137
person,0.301428556,543.7414551,681.1820679,603.9885254,830.8422852
person,0.892510653,432.2498169,421.7284546,764.4230347,903.5563354
person,0.330362648,591.487793,481.1165161,765.7171631,928.6651611
person,0.542075038,316.4878235,259.2277222,515.913269,582.3380127
person,0.854438305,386.6291504,569.1506958,798.9672241,1072.49353
person,0.892510653,432.2498169,421.7284546,764.4230347,903.5563354
person,0.559678197,549.626709,472.2734985,792.1262207,861.8256836
person,0.912345648,342.7257385,316.6112671,558.0270996,687.1159058
person,0.914683878,296.6271973,290.9304199,506.3268738,582.1587524
person,0.719199121,313.4726868,261.1542664,443.2005005,505.2642822
person,0.449395537,400.2727661,342.5509338,469.2942505,406.8400879
person,0.854438305,386.6291504,569.1506958,798.9672241,1072.49353
person,0.892510653,432.2498169,421.7284546,764.4230347,903.5563354
person,0.330362648,591.487793,481.1165161,765.7171631,928.6651611
person,0.837816656,239.7102356,600.8671875,376.7432861,748.3575439
person,0.78302902,350.3947449,557.0367432,450.9752502,739.5117798
person,0.647012711,600.7886353,674.3300781,675.9204712,815.2403564
person,0.58527267,429.7271118,549.2469482,537.6968384,852.2767334
person,0.580514252,558.6705322,704.5656738,631.7745361,838.0422974
person,0.397496313,545.09198,674.1668701,583.3484497,789.6765137
person,0.301428556,543.7414551,681.1820679,603.9885254,830.8422852
person,0.526795089,71.35134125,271.467804,201.0041046,451.9162903
person,0.271554798,70.58290863,270.8188782,133.5166473,421.8798828
person,0.526795089,71.35134125,271.467804,201.0041046,451.9162903
person,0.271554798,70.58290863,270.8188782,133.5166473,421.8798828
person,0.892510653,432.2498169,421.7284546,764.4230347,903.5563354
person,0.854438305,386.6291504,569.1506958,798.9672241,1072.49353
person,0.542075038,316.4878235,259.2277222,515.913269,582.3380127
person,0.861931801,649.8813477,564.3292236,956.756958,946.7940674
person,0.526795089,71.35134125,271.467804,201.0041046,451.9162903
person,0.271554798,70.58290863,270.8188782,133.5166473,421.8798828
person,0.854438305,386.6291504,569.1506958,798.9672241,1072.49353
person,0.892510653,432.2498169,421.7284546,764.4230347,903.5563354
person,0.526795089,71.35134125,271.467804,201.0041046,451.9162903
person,0.271554798,70.58290863,270.8188782,133.5166473,421.8798828
person,0.854438305,386.6291504,569.1506958,798.9672241,1072.49353
person,0.542075038,316.4878235,259.2277222,515.913269,582.3380127
person,0.526795089,71.35134125,271.467804,201.0041046,451.9162903
person,0.271554798,70.58290863,270.8188782,133.5166473,421.8798828
person,0.854438305,386.6291504,569.1506958,798.9672241,1072.49353
person,0.542075038,316.4878235,259.2277222,515.913269,582.3380127
person,0.837816656,239.7102356,600.8671875,376.7432861,748.3575439
person,0.78302902,350.3947449,557.0367432,450.9752502,739.5117798
person,0.647012711,600.7886353,674.3300781,675.9204712,815.2403564
person,0.58527267,429.7271118,549.2469482,537.6968384,852.2767334
person,0.580514252,558.6705322,704.5656738,631.7745361,838.0422974
person,0.397496313,545.09198,674.1668701,583.3484497,789.6765137
person,0.301428556,543.7414551,681.1820679,603.9885254,830.8422852
person,0.542075038,316.4878235,259.2277222,515.913269,582.3380127
person,0.526795089,71.35134125,271.467804,201.0041046,451.9162903
person,0.271554798,70.58290863,270.8188782,133.5166473,421.8798828
person,0.854438305,386.6291504,569.1506958,798.9672241,1072.49353
person,0.542075038,316.4878235,259.2277222,515.913269,582.3380127
person,0.526795089,71.35134125,271.467804,201.0041046,451.9162903
person,0.271554798,70.58290863,270.8188782,133.5166473,421.8798828
person,0.854438305,386.6291504,569.1506958,798.9672241,1072.49353
person,0.526795089,71.35134125,271.467804,201.0041046,451.9162903
person,0.271554798,70.58290863,270.8188782,133.5166473,421.8798828
person,0.854438305,386.6291504,569.1506958,798.9672241,1072.49353
person,0.542075038,316.4878235,259.2277222,515.913269,582.3380127
person,0.837816656,239.7102356,600.8671875,376.7432861,748.3575439
person,0.78302902,350.3947449,557.0367432,450.9752502,739.5117798
person,0.647012711,600.7886353,674.3300781,675.9204712,815.2403564
person,0.58527267,429.7271118,549.2469482,537.6968384,852.2767334
person,0.580514252,558.6705322,704.5656738,631.7745361,838.0422974
person,0.397496313,545.09198,674.1668701,583.3484497,789.6765137
person,0.301428556,543.7414551,681.1820679,603.9885254,830.8422852
person,0.892510653,432.2498169,421.7284546,764.4230347,903.5563354
person,0.330362648,591.487793,481.1165161,765.7171631,928.6651611
person,0.542075038,316.4878235,259.2277222,515.913269,582.3380127
person,0.526795089,71.35134125,271.467804,201.0041046,451.9162903
person,0.271554798,70.58290863,270.8188782,133.5166473,421.8798828
person,0.854438305,386.6291504,569.1506958,798.9672241,1072.49353
person,0.347360492,299.2619019,28.59313583,712.9295654,520.661438
person,0.526795089,71.35134125,271.467804,201.0041046,451.9162903
person,0.271554798,70.58290863,270.8188782,133.5166473,421.8798828
person,0.854438305,386.6291504,569.1506958,798.9672241,1072.49353
person,0.837816656,239.7102356,600.8671875,376.7432861,748.3575439
person,0.78302902,350.3947449,557.0367432,450.9752502,739.5117798
person,0.647012711,600.7886353,674.3300781,675.9204712,815.2403564
person,0.58527267,429.7271118,549.2469482,537.6968384,852.2767334
person,0.580514252,558.6705322,704.5656738,631.7745361,838.0422974
person,0.397496313,545.09198,674.1668701,583.3484497,789.6765137
person,0.301428556,543.7414551,681.1820679,603.9885254,830.8422852
person,0.526795089,71.35134125,271.467804,201.0041046,451.9162903
person,0.271554798,70.58290863,270.8188782,133.5166473,421.8798828
person,0.854438305,386.6291504,569.1506958,798.9672241,1072.49353
person,0.892510653,432.2498169,421.7284546,764.4230347,903.5563354
person,0.542075038,316.4878235,259.2277222,515.913269,582.3380127
person,0.854438305,386.6291504,569.1506958,798.9672241,1072.49353
person,0.526795089,71.35134125,271.467804,201.0041046,451.9162903
person,0.271554798,70.58290863,270.8188782,133.5166473,421.8798828
person,0.347360492,299.2619019,28.59313583,712.9295654,520.661438
person,0.861931801,649.8813477,564.3292236,956.756958,946.7940674
person,0.330362648,591.487793,481.1165161,765.7171631,928.6651611
person,0.892510653,432.2498169,421.7284546,764.4230347,903.5563354
person,0.854438305,386.6291504,569.1506958,798.9672241,1072.49353
person,0.526795089,71.35134125,271.467804,201.0041046,451.9162903
person,0.271554798,70.58290863,270.8188782,133.5166473,421.8798828
person,0.347360492,299.2619019,28.59313583,712.9295654,520.661438
person,0.330362648,591.487793,481.1165161,765.7171631,928.6651611
person,0.892510653,432.2498169,421.7284546,764.4230347,903.5563354
person,0.854438305,386.6291504,569.1506958,798.9672241,1072.49353
person,0.526795089,71.35134125,271.467804,201.0041046,451.9162903
person,0.271554798,70.58290863,270.8188782,133.5166473,421.8798828
person,0.347360492,299.2619019,28.59313583,712.9295654,520.661438
person,0.542075038,316.4878235,259.2277222,515.913269,582.3380127
person,0.347360492,299.2619019,28.59313583,712.9295654,520.661438
person,0.330362648,591.487793,481.1165161,765.7171631,928.6651611
person,0.892510653,432.2498169,421.7284546,764.4230347,903.5563354
person,0.542075038,316.4878235,259.2277222,515.913269,582.3380127
refrigerator,0.328700006,31.58179855,45.38951111,380.2165527,733.3925781
refrigerator,0.328700006,31.58179855,45.38951111,380.2165527,733.3925781
refrigerator,0.328700006,31.58179855,45.38951111,380.2165527,733.3925781
refrigerator,0.328700006,31.58179855,45.38951111,380.2165527,733.3925781
refrigerator,0.328700006,31.58179855,45.38951111,380.2165527,733.3925781
refrigerator,0.328700006,31.58179855,45.38951111,380.2165527,733.3925781
refrigerator,0.328700006,31.58179855,45.38951111,380.2165527,733.3925781
refrigerator,0.328700006,31.58179855,45.38951111,380.2165527,733.3925781
sports ball,0.625586033,384.4100647,193.6244049,415.8763428,225.8630981
sports ball,0.625586033,384.4100647,193.6244049,415.8763428,225.8630981
sports ball,0.625586033,384.4100647,193.6244049,415.8763428,225.8630981
sports ball,0.625586033,384.4100647,193.6244049,415.8763428,225.8630981
sports ball,0.625586033,384.4100647,193.6244049,415.8763428,225.8630981
sports ball,0.625586033,384.4100647,193.6244049,415.8763428,225.8630981
stop sign,0.457503438,260.9438171,167.3207397,301.4446106,228.760498
stop sign,0.457503438,260.9438171,167.3207397,301.4446106,228.760498
stop sign,0.457503438,260.9438171,167.3207397,301.4446106,228.760498
stop sign,0.34884426,170.643158,138.4403381,876.0074463,1052
stop sign,0.457503438,260.9438171,167.3207397,301.4446106,228.760498
stop sign,0.457503438,260.9438171,167.3207397,301.4446106,228.760498
stop sign,0.457503438,260.9438171,167.3207397,301.4446106,228.760498
stop sign,0.457503438,260.9438171,167.3207397,301.4446106,228.760498
stop sign,0.457503438,260.9438171,167.3207397,301.4446106,228.760498
stop sign,0.457503438,260.9438171,167.3207397,301.4446106,228.760498
stop sign,0.457503438,260.9438171,167.3207397,301.4446106,228.760498
stop sign,0.457503438,260.9438171,167.3207397,301.4446106,228.760498
stop sign,0.457503438,260.9438171,167.3207397,301.4446106,228.760498
stop sign,0.457503438,260.9438171,167.3207397,301.4446106,228.760498
suitcase,0.274276346,73.66664886,110.2761002,107.5597916,268.1214294
suitcase,0.274276346,73.66664886,110.2761002,107.5597916,268.1214294
suitcase,0.274276346,73.66664886,110.2761002,107.5597916,268.1214294
suitcase,0.274276346,73.66664886,110.2761002,107.5597916,268.1214294
suitcase,0.274276346,73.66664886,110.2761002,107.5597916,268.1214294
suitcase,0.274276346,73.66664886,110.2761002,107.5597916,268.1214294
suitcase,0.274276346,73.66664886,110.2761002,107.5597916,268.1214294
suitcase,0.274276346,73.66664886,110.2761002,107.5597916,268.1214294
suitcase,0.274276346,73.66664886,110.2761002,107.5597916,268.1214294
suitcase,0.274276346,73.66664886,110.2761002,107.5597916,268.1214294
suitcase,0.274276346,73.66664886,110.2761002,107.5597916,268.1214294
tie,0.306492209,518.0066528,60.31604004,680.086853,1280
tie,0.306492209,518.0066528,60.31604004,680.086853,1280
tie,0.378158778,428.367218,427.9077148,456.937561,463.6945801
tie,0.306492209,518.0066528,60.31604004,680.086853,1280
tie,0.378158778,428.367218,427.9077148,456.937561,463.6945801
toilet,0.473945767,22.77291679,149.8513641,57.97297668,257.2084961
toilet,0.350602746,35.41158295,143.1838837,80.00348663,262.0569153
toilet,0.473945767,22.77291679,149.8513641,57.97297668,257.2084961
toilet,0.350602746,35.41158295,143.1838837,80.00348663,262.0569153
toilet,0.473945767,22.77291679,149.8513641,57.97297668,257.2084961
toilet,0.350602746,35.41158295,143.1838837,80.00348663,262.0569153
toilet,0.473945767,22.77291679,149.8513641,57.97297668,257.2084961
toilet,0.350602746,35.41158295,143.1838837,80.00348663,262.0569153
toilet,0.473945767,22.77291679,149.8513641,57.97297668,257.2084961
toilet,0.350602746,35.41158295,143.1838837,80.00348663,262.0569153
toilet,0.473945767,22.77291679,149.8513641,57.97297668,257.2084961
toilet,0.350602746,35.41158295,143.1838837,80.00348663,262.0569153
toilet,0.473945767,22.77291679,149.8513641,57.97297668,257.2084961
toilet,0.350602746,35.41158295,143.1838837,80.00348663,262.0569153
toilet,0.473945767,22.77291679,149.8513641,57.97297668,257.2084961
toilet,0.350602746,35.41158295,143.1838837,80.00348663,262.0569153
toilet,0.473945767,22.77291679,149.8513641,57.97297668,257.2084961
toilet,0.350602746,35.41158295,143.1838837,80.00348663,262.0569153
toilet,0.473945767,22.77291679,149.8513641,57.97297668,257.2084961
toilet,0.350602746,35.41158295,143.1838837,80.00348663,262.0569153
toilet,0.473945767,22.77291679,149.8513641,57.97297668,257.2084961
toilet,0.350602746,35.41158295,143.1838837,80.00348663,262.0569153
vase,0.29241097,168.9641571,53.65874863,333.2687073,490.4127197
vase,0.411164522,244.1895599,63.21733093,566.3516235,528.1524048
vase,0.29241097,168.9641571,53.65874863,333.2687073,490.4127197
vase,0.29241097,168.9641571,53.65874863,333.2687073,490.4127197
vase,0.411164522,244.1895599,63.21733093,566.3516235,528.1524048
vase,0.29241097,168.9641571,53.65874863,333.2687073,490.4127197
